<?xml version="1.0" encoding="utf-8"?>
<modification>
    <name>Product Filter Extension</name>
    <code>oc_filter</code>
    <version>1.1.0</version>
    <author>OpenCart Filter</author>
    <link>https://github.com/</link>
    
    <!-- Add filter to category page -->
    <file path="catalog/controller/product/category.php">
        <operation>
            <search><![CDATA[$data['products'] = array();]]></search>
            <add position="before"><![CDATA[
            // Apply filters if module is enabled
            $filter_data = array();
            
            if ($this->config->get('module_oc_filter_status')) {
                if ($this->config->get('module_oc_filter_price')) {
                    if (isset($this->request->get['price_min'])) {
                        $filter_data['filter_price_min'] = $this->request->get['price_min'];
                    }
                    if (isset($this->request->get['price_max'])) {
                        $filter_data['filter_price_max'] = $this->request->get['price_max'];
                    }
                }
                
                if ($this->config->get('module_oc_filter_brand') && isset($this->request->get['brands'])) {
                    $filter_data['filter_manufacturer_id'] = explode(',', $this->request->get['brands']);
                }
                
                if ($this->config->get('module_oc_filter_attributes')) {
                    foreach ($this->request->get as $key => $value) {
                        if (strpos($key, 'attr_') === 0 && $value) {
                            $attr_id = str_replace('attr_', '', $key);
                            $filter_data['filter_attributes'][$attr_id] = explode(',', $value);
                        }
                    }
                }
                
                if ($this->config->get('module_oc_filter_metakeywords') && isset($this->request->get['metakeywords'])) {
                    $filter_data['filter_metakeywords'] = explode(',', $this->request->get['metakeywords']);
                }
            }
            ]]></add>
        </operation>
        
        <operation>
            <search><![CDATA['start'            => ($page - 1) * $limit,
				'limit'           => $limit]]></search>
            <add position="after"><![CDATA[,
                'filter_price_min' => isset($filter_data['filter_price_min']) ? $filter_data['filter_price_min'] : null,
                'filter_price_max' => isset($filter_data['filter_price_max']) ? $filter_data['filter_price_max'] : null,
                'filter_manufacturer_id' => isset($filter_data['filter_manufacturer_id']) ? $filter_data['filter_manufacturer_id'] : null,
                'filter_attributes' => isset($filter_data['filter_attributes']) ? $filter_data['filter_attributes'] : null,
                'filter_metakeywords' => isset($filter_data['filter_metakeywords']) ? $filter_data['filter_metakeywords'] : null]]></add>
        </operation>
    </file>
    
    <!-- Modify product model to handle filters -->
    <file path="catalog/model/catalog/product.php">
        <operation>
            <search><![CDATA[if (!empty($data['filter_category_id'])) {
			if (!empty($data['filter_sub_category'])) {
				$sql .= " AND cp.category_id IN (SELECT category_id FROM " . DB_PREFIX . "category_path WHERE path_id = '" . (int)$data['filter_category_id'] . "')";
			} else {
				$sql .= " AND cp.category_id = '" . (int)$data['filter_category_id'] . "'";
			}
		}]]></search>
            <add position="after"><![CDATA[
        
        if (!empty($data['filter_price_min'])) {
            $sql .= " AND p.price >= '" . (float)$data['filter_price_min'] . "'";
        }
        
        if (!empty($data['filter_price_max'])) {
            $sql .= " AND p.price <= '" . (float)$data['filter_price_max'] . "'";
        }
        
        if (!empty($data['filter_manufacturer_id'])) {
            $sql .= " AND p.manufacturer_id IN (" . implode(',', array_map('intval', $data['filter_manufacturer_id'])) . ")";
        }
        
        if (!empty($data['filter_attributes'])) {
            foreach ($data['filter_attributes'] as $attribute_id => $attribute_values) {
                $sql .= " AND p.product_id IN (SELECT pa.product_id FROM " . DB_PREFIX . "product_attribute pa WHERE pa.attribute_id = '" . (int)$attribute_id . "' AND pa.text IN ('" . implode("','", array_map(array($this->db, 'escape'), $attribute_values)) . "'))";
            }
        }
        
        if (!empty($data['filter_metakeywords'])) {
            $keywords = array_map(array($this->db, 'escape'), $data['filter_metakeywords']);
            $sql .= " AND pd.meta_keyword REGEXP '" . implode('|', $keywords) . "'";
        }]]></add>
        </operation>
    </file>
    
    <!-- Add module to admin extensions list -->
    <file path="admin/model/setting/extension.php">
        <operation>
            <search><![CDATA[public function getInstalled($type) {]]></search>
            <add position="after"><![CDATA[
        // Auto-register oc_filter module
        if ($type == 'module') {
            $query = $this->db->query("SELECT * FROM " . DB_PREFIX . "extension WHERE `type` = 'module' AND `code` = 'oc_filter'");
            if (!$query->num_rows) {
                $this->db->query("INSERT INTO " . DB_PREFIX . "extension SET `type` = 'module', `code` = 'oc_filter'");
            }
        }]]></add>
        </operation>
    </file>
    
    <!-- Add permission for oc_filter module -->
    <file path="admin/model/user/user_group.php">
        <operation>
            <search><![CDATA[public function addUserGroup($data) {]]></search>
            <add position="after"><![CDATA[
        // Auto-add oc_filter permissions for admin group
        if (isset($data['user_group_id']) && $data['user_group_id'] == 1) {
            $data['permission']['access'][] = 'extension/module/oc_filter';
            $data['permission']['modify'][] = 'extension/module/oc_filter';
        }]]></add>
        </operation>
    </file>
    
    <!-- Add filter module to category sidebar -->
    <file path="catalog/controller/product/category.php">
        <operation>
            <search><![CDATA[$data['column_left'] = $this->load->controller('common/column_left');]]></search>
            <add position="before"><![CDATA[
        // Load filter module if enabled
        if ($this->config->get('module_oc_filter_status')) {
            $data['oc_filter'] = $this->load->controller('extension/module/oc_filter');
        }
        ]]></add>
        </operation>
    </file>
    
    <!-- Add filter to category template -->
    <file path="catalog/view/theme/*/template/product/category.twig">
        <operation>
            <search><![CDATA[<div id="content" class="{{ class }}">{{ content_top }}]]></search>
            <add position="after"><![CDATA[
    {% if oc_filter %}
    <div class="row">
        <div class="col-sm-3">
            {{ oc_filter }}
        </div>
        <div class="col-sm-9">
    {% endif %}]]></add>
        </operation>
        <operation>
            <search><![CDATA[{{ content_bottom }}</div>]]></search>
            <add position="before"><![CDATA[
    {% if oc_filter %}
        </div>
    </div>
    {% endif %}]]></add>
        </operation>
    </file>
</modification>